{
  "generated_at": "2026-03-27T16:16:49",
  "config": {
    "genre": "fantasy",
    "turns": 10,
    "runs_per_condition": 1,
    "conditions": [
      "kg_on",
      "kg_off"
    ],
    "policy": "always_pick_first_option"
  },
  "sessions": [
    {
      "session_id": 1,
      "condition": "kg_on",
      "genre": "fantasy",
      "turns_executed": 10,
      "response_mean_s": 18.191154920868577,
      "response_p50_s": 15.67486847937107,
      "response_p90_s": 24.648917966708538,
      "response_p95_s": 26.455877253878857,
      "response_std_s": 5.906636497776066,
      "response_min_s": 12.11801087576896,
      "response_max_s": 28.262836541049182,
      "auto_metrics": {
        "distinct_1": 0.3165244375484872,
        "distinct_2": 0.6447574334898278,
        "distinct_3": 0.8145224940805051,
        "self_bleu": 0.35823313907871274,
        "entity_coverage": 0.7916666666666666,
        "consistency_rate": 0.0,
        "type_token_ratio": 0.2689655172413793,
        "flesch_reading_ease": 61.16,
        "lexical_overlap": 0.3801438217300993,
        "graph_density_average": 0.1575,
        "graph_density_delta": -0.212319
      },
      "llm_judge": {
        "narrative_quality": 8,
        "consistency": 9,
        "player_agency": 6,
        "creativity": 6,
        "pacing": 7,
        "option_relevance": 7,
        "causal_link": 8,
        "local_coherence": 9,
        "average": 7.5
      },
      "error": ""
    },
    {
      "session_id": 2,
      "condition": "kg_off",
      "genre": "fantasy",
      "turns_executed": 10,
      "response_mean_s": 5.6603382748551665,
      "response_p50_s": 4.78767114598304,
      "response_p90_s": 7.446898403484373,
      "response_p95_s": 8.53599190986715,
      "response_std_s": 1.7741657056146596,
      "response_min_s": 4.123750874772668,
      "response_max_s": 9.62508541624993,
      "auto_metrics": {
        "distinct_1": 0.36518518518518517,
        "distinct_2": 0.7423450336071695,
        "distinct_3": 0.9058734939759037,
        "self_bleu": 0.21999665472058763,
        "entity_coverage": 1.0,
        "consistency_rate": 1.0,
        "type_token_ratio": 0.31365313653136534,
        "flesch_reading_ease": 54.85,
        "lexical_overlap": 0.2745494485194214,
        "graph_density_average": 0.0,
        "graph_density_delta": 0.0
      },
      "llm_judge": {
        "narrative_quality": 9,
        "consistency": 10,
        "player_agency": 8,
        "creativity": 8,
        "pacing": 9,
        "option_relevance": 9,
        "causal_link": 10,
        "local_coherence": 10,
        "average": 9.12
      },
      "error": ""
    }
  ],
  "aggregate": {
    "kg_on": {
      "condition": "kg_on",
      "sessions": 1,
      "turns_total": 10,
      "response_mean_s": 18.191154920868577,
      "response_p50_s": 18.191154920868577,
      "response_p90_s": 18.191154920868577,
      "response_p95_s": 18.191154920868577,
      "response_std_s": 0.0,
      "response_min_s": 18.191154920868577,
      "response_max_s": 18.191154920868577,
      "auto_metrics": {
        "distinct_1": 0.3165244375484872,
        "distinct_2": 0.6447574334898278,
        "distinct_3": 0.8145224940805051,
        "self_bleu": 0.35823313907871274,
        "entity_coverage": 0.7916666666666666,
        "consistency_rate": 0.0,
        "type_token_ratio": 0.2689655172413793,
        "flesch_reading_ease": 61.16,
        "lexical_overlap": 0.3801438217300993,
        "graph_density_average": 0.1575,
        "graph_density_delta": -0.212319
      },
      "llm_judge": {
        "narrative_quality": 8.0,
        "consistency": 9.0,
        "player_agency": 6.0,
        "creativity": 6.0,
        "pacing": 7.0,
        "option_relevance": 7.0,
        "causal_link": 8.0,
        "local_coherence": 9.0,
        "average": 7.5
      },
      "error_sessions": 0
    },
    "kg_off": {
      "condition": "kg_off",
      "sessions": 1,
      "turns_total": 10,
      "response_mean_s": 5.6603382748551665,
      "response_p50_s": 5.6603382748551665,
      "response_p90_s": 5.6603382748551665,
      "response_p95_s": 5.6603382748551665,
      "response_std_s": 0.0,
      "response_min_s": 5.6603382748551665,
      "response_max_s": 5.6603382748551665,
      "auto_metrics": {
        "distinct_1": 0.36518518518518517,
        "distinct_2": 0.7423450336071695,
        "distinct_3": 0.9058734939759037,
        "self_bleu": 0.21999665472058763,
        "entity_coverage": 1.0,
        "consistency_rate": 1.0,
        "type_token_ratio": 0.31365313653136534,
        "flesch_reading_ease": 54.85,
        "lexical_overlap": 0.2745494485194214,
        "graph_density_average": 0.0,
        "graph_density_delta": 0.0
      },
      "llm_judge": {
        "narrative_quality": 9.0,
        "consistency": 10.0,
        "player_agency": 8.0,
        "creativity": 8.0,
        "pacing": 9.0,
        "option_relevance": 9.0,
        "causal_link": 10.0,
        "local_coherence": 10.0,
        "average": 9.12
      },
      "error_sessions": 0
    },
    "delta": {
      "latency": {
        "response_max_s": 12.53081664601341,
        "response_mean_s": 12.53081664601341,
        "response_min_s": 12.53081664601341,
        "response_p50_s": 12.53081664601341,
        "response_p90_s": 12.53081664601341,
        "response_p95_s": 12.53081664601341,
        "response_std_s": 0.0
      },
      "auto_metrics": {
        "consistency_rate": -1.0,
        "distinct_1": -0.048660747636697976,
        "distinct_2": -0.09758760011734169,
        "distinct_3": -0.09135099989539852,
        "entity_coverage": -0.20833333333333337,
        "flesch_reading_ease": 6.309999999999995,
        "graph_density_average": 0.1575,
        "graph_density_delta": -0.212319,
        "lexical_overlap": 0.10559437321067788,
        "self_bleu": 0.1382364843581251,
        "type_token_ratio": -0.04468761928998605
      },
      "llm_judge": {
        "average": -1.6199999999999992,
        "causal_link": -2.0,
        "consistency": -1.0,
        "creativity": -2.0,
        "local_coherence": -1.0,
        "narrative_quality": -1.0,
        "option_relevance": -2.0,
        "pacing": -2.0,
        "player_agency": -2.0
      }
    }
  }
}