{
  "generated_at": "2026-03-26T16:33:25",
  "config": {
    "genre": "fantasy",
    "turns": 5,
    "runs_per_condition": 1,
    "conditions": [
      "kg_on",
      "kg_off"
    ],
    "policy": "always_pick_first_option"
  },
  "sessions": [
    {
      "session_id": 1,
      "condition": "kg_on",
      "genre": "fantasy",
      "turns_executed": 5,
      "response_mean_s": 20.030806058458985,
      "response_p50_s": 19.770859874784946,
      "response_p90_s": 24.78246835041791,
      "response_p95_s": 26.07860809229314,
      "response_std_s": 4.645591851472761,
      "response_min_s": 16.040572874248028,
      "response_max_s": 27.374747834168375,
      "auto_metrics": {
        "distinct_1": 0.4416775884665793,
        "distinct_2": 0.8282694848084544,
        "distinct_3": 0.9573901464713716,
        "self_bleu": 0.12712545119422675,
        "entity_coverage": 0.625,
        "consistency_rate": 1.0,
        "type_token_ratio": 0.3938223938223938,
        "flesch_reading_ease": 53.99,
        "lexical_overlap": 0.2763505478696794,
        "graph_density_average": 0.08135,
        "graph_density_delta": 0.089286
      },
      "llm_judge": {
        "narrative_quality": 9,
        "consistency": 10,
        "player_agency": 8,
        "creativity": 8,
        "pacing": 9,
        "option_relevance": 9,
        "causal_link": 9,
        "local_coherence": 10,
        "average": 9.0
      },
      "error": ""
    },
    {
      "session_id": 2,
      "condition": "kg_off",
      "genre": "fantasy",
      "turns_executed": 5,
      "response_mean_s": 5.165389549732208,
      "response_p50_s": 4.630081541836262,
      "response_p90_s": 6.456607790663838,
      "response_p95_s": 6.973656665533781,
      "response_std_s": 1.3184092959760807,
      "response_min_s": 4.297810458578169,
      "response_max_s": 7.490705540403724,
      "auto_metrics": {
        "distinct_1": 0.41229193341869397,
        "distinct_2": 0.7741935483870968,
        "distinct_3": 0.8998699609882965,
        "self_bleu": 0.25140937295987253,
        "entity_coverage": 1.0,
        "consistency_rate": 1.0,
        "type_token_ratio": 0.37595907928388744,
        "flesch_reading_ease": 50.97,
        "lexical_overlap": 0.29758657225105895,
        "graph_density_average": 0.0,
        "graph_density_delta": 0.0
      },
      "llm_judge": {
        "narrative_quality": 9,
        "consistency": 10,
        "player_agency": 8,
        "creativity": 7,
        "pacing": 9,
        "option_relevance": 9,
        "causal_link": 9,
        "local_coherence": 10,
        "average": 8.88
      },
      "error": ""
    }
  ],
  "aggregate": {
    "kg_on": {
      "condition": "kg_on",
      "sessions": 1,
      "turns_total": 5,
      "response_mean_s": 20.030806058458985,
      "response_p50_s": 20.030806058458985,
      "response_p90_s": 20.030806058458985,
      "response_p95_s": 20.030806058458985,
      "response_std_s": 0.0,
      "response_min_s": 20.030806058458985,
      "response_max_s": 20.030806058458985,
      "auto_metrics": {
        "distinct_1": 0.4416775884665793,
        "distinct_2": 0.8282694848084544,
        "distinct_3": 0.9573901464713716,
        "self_bleu": 0.12712545119422675,
        "entity_coverage": 0.625,
        "consistency_rate": 1.0,
        "type_token_ratio": 0.3938223938223938,
        "flesch_reading_ease": 53.99,
        "lexical_overlap": 0.2763505478696794,
        "graph_density_average": 0.08135,
        "graph_density_delta": 0.089286
      },
      "llm_judge": {
        "narrative_quality": 9.0,
        "consistency": 10.0,
        "player_agency": 8.0,
        "creativity": 8.0,
        "pacing": 9.0,
        "option_relevance": 9.0,
        "causal_link": 9.0,
        "local_coherence": 10.0,
        "average": 9.0
      },
      "error_sessions": 0
    },
    "kg_off": {
      "condition": "kg_off",
      "sessions": 1,
      "turns_total": 5,
      "response_mean_s": 5.165389549732208,
      "response_p50_s": 5.165389549732208,
      "response_p90_s": 5.165389549732208,
      "response_p95_s": 5.165389549732208,
      "response_std_s": 0.0,
      "response_min_s": 5.165389549732208,
      "response_max_s": 5.165389549732208,
      "auto_metrics": {
        "distinct_1": 0.41229193341869397,
        "distinct_2": 0.7741935483870968,
        "distinct_3": 0.8998699609882965,
        "self_bleu": 0.25140937295987253,
        "entity_coverage": 1.0,
        "consistency_rate": 1.0,
        "type_token_ratio": 0.37595907928388744,
        "flesch_reading_ease": 50.97,
        "lexical_overlap": 0.29758657225105895,
        "graph_density_average": 0.0,
        "graph_density_delta": 0.0
      },
      "llm_judge": {
        "narrative_quality": 9.0,
        "consistency": 10.0,
        "player_agency": 8.0,
        "creativity": 7.0,
        "pacing": 9.0,
        "option_relevance": 9.0,
        "causal_link": 9.0,
        "local_coherence": 10.0,
        "average": 8.88
      },
      "error_sessions": 0
    },
    "delta": {
      "latency": {
        "response_max_s": 14.865416508726778,
        "response_mean_s": 14.865416508726778,
        "response_min_s": 14.865416508726778,
        "response_p50_s": 14.865416508726778,
        "response_p90_s": 14.865416508726778,
        "response_p95_s": 14.865416508726778,
        "response_std_s": 0.0
      },
      "auto_metrics": {
        "consistency_rate": 0.0,
        "distinct_1": 0.029385655047885317,
        "distinct_2": 0.05407593642135766,
        "distinct_3": 0.057520185483075026,
        "entity_coverage": -0.375,
        "flesch_reading_ease": 3.020000000000003,
        "graph_density_average": 0.08135,
        "graph_density_delta": 0.089286,
        "lexical_overlap": -0.02123602438137956,
        "self_bleu": -0.12428392176564579,
        "type_token_ratio": 0.01786331453850637
      },
      "llm_judge": {
        "average": 0.11999999999999922,
        "causal_link": 0.0,
        "consistency": 0.0,
        "creativity": 1.0,
        "local_coherence": 0.0,
        "narrative_quality": 0.0,
        "option_relevance": 0.0,
        "pacing": 0.0,
        "player_agency": 0.0
      }
    }
  }
}